M, 0.365, 0.295, 0.08, 0.2555, 0.097, 0.043, 0.1, negative
M, 0.47, 0.37, 0.13, 0.5225, 0.201, 0.133, 0.165, negative
I, 0.385, 0.295, 0.085, 0.2535, 0.103, 0.0575, 0.085, negative
I, 0.265, 0.2, 0.065, 0.0975, 0.04, 0.0205, 0.028, negative
F, 0.305, 0.23, 0.08, 0.156, 0.0675, 0.0345, 0.048, negative
I, 0.355, 0.275, 0.09, 0.251, 0.097, 0.053, 0.08, negative
I, 0.325, 0.25, 0.08, 0.176, 0.0595, 0.0355, 0.063, negative
I, 0.385, 0.3, 0.1, 0.2895, 0.1215, 0.063, 0.09, negative
I, 0.415, 0.32, 0.11, 0.3735, 0.175, 0.0755, 0.109, negative
I, 0.51, 0.405, 0.135, 0.769, 0.3655, 0.1585, 0.18, negative
M, 0.515, 0.39, 0.155, 0.7125, 0.3695, 0.137, 0.155, negative
M, 0.57, 0.46, 0.17, 0.9035, 0.4075, 0.1935, 0.214, negative
F, 0.58, 0.46, 0.15, 1.1155, 0.5575, 0.2255, 0.29, negative
I, 0.41, 0.3, 0.1, 0.282, 0.1255, 0.057, 0.0875, negative
I, 0.42, 0.3, 0.105, 0.316, 0.1255, 0.07, 0.1035, negative
I, 0.445, 0.345, 0.105, 0.409, 0.1675, 0.1015, 0.117, negative
M, 0.47, 0.36, 0.105, 0.544, 0.27, 0.1395, 0.129, negative
I, 0.475, 0.35, 0.1, 0.4545, 0.2165, 0.111, 0.115, negative
I, 0.375, 0.27, 0.085, 0.218, 0.0945, 0.039, 0.07, negative
I, 0.41, 0.335, 0.11, 0.33, 0.157, 0.0705, 0.17, negative
I, 0.46, 0.36, 0.105, 0.466, 0.2225, 0.099, 0.11, negative
I, 0.495, 0.38, 0.13, 0.5125, 0.2185, 0.116, 0.16, negative
I, 0.365, 0.265, 0.135, 0.2215, 0.105, 0.047, 0.0605, negative
F, 0.495, 0.38, 0.12, 0.573, 0.2655, 0.1285, 0.144, negative
I, 0.365, 0.27, 0.085, 0.2225, 0.0935, 0.0525, 0.066, negative
I, 0.51, 0.395, 0.13, 0.6025, 0.281, 0.143, 0.162, negative
I, 0.52, 0.39, 0.13, 0.5545, 0.2355, 0.1095, 0.1895, negative
I, 0.53, 0.42, 0.12, 0.5965, 0.2555, 0.141, 0.177, negative
F, 0.72, 0.525, 0.18, 1.445, 0.631, 0.3215, 0.435, negative
I, 0.31, 0.215, 0.075, 0.1275, 0.0565, 0.0275, 0.036, negative
I, 0.365, 0.275, 0.085, 0.223, 0.098, 0.0375, 0.075, negative
I, 0.435, 0.33, 0.11, 0.38, 0.1515, 0.0945, 0.11, negative
I, 0.325, 0.25, 0.07, 0.1745, 0.0875, 0.0355, 0.04, negative
M, 0.465, 0.36, 0.11, 0.4955, 0.2665, 0.085, 0.121, negative
M, 0.505, 0.385, 0.13, 0.6435, 0.3135, 0.149, 0.1515, negative
I, 0.405, 0.305, 0.09, 0.2825, 0.114, 0.0575, 0.095, negative
I, 0.33, 0.26, 0.08, 0.19, 0.0765, 0.0385, 0.065, negative
F, 0.475, 0.38, 0.135, 0.486, 0.1735, 0.07, 0.185, negative
F, 0.35, 0.265, 0.09, 0.1855, 0.0745, 0.0415, 0.06, negative
M, 0.44, 0.325, 0.115, 0.39, 0.163, 0.087, 0.113, negative
I, 0.465, 0.355, 0.11, 0.474, 0.23, 0.1005, 0.12, negative
I, 0.5, 0.38, 0.11, 0.494, 0.218, 0.09, 0.1325, negative
M, 0.525, 0.415, 0.135, 0.7945, 0.394, 0.189, 0.202, negative
M, 0.575, 0.45, 0.155, 0.948, 0.429, 0.206, 0.259, negative
I, 0.475, 0.375, 0.115, 0.5205, 0.233, 0.119, 0.1455, negative
I, 0.385, 0.3, 0.125, 0.343, 0.1705, 0.0735, 0.081, negative
I, 0.45, 0.335, 0.095, 0.3505, 0.1615, 0.0625, 0.1185, negative
I, 0.32, 0.235, 0.09, 0.183, 0.098, 0.0335, 0.042, negative
I, 0.455, 0.35, 0.105, 0.4445, 0.213, 0.107, 0.1115, negative
I, 0.375, 0.28, 0.085, 0.2145, 0.0855, 0.0485, 0.072, negative
I, 0.445, 0.31, 0.09, 0.336, 0.1555, 0.09, 0.0855, negative
I, 0.5, 0.37, 0.115, 0.5745, 0.306, 0.112, 0.141, negative
I, 0.39, 0.3, 0.1, 0.2665, 0.1105, 0.059, 0.084, negative
I, 0.435, 0.335, 0.105, 0.3535, 0.156, 0.05, 0.1135, negative
I, 0.355, 0.27, 0.075, 0.204, 0.3045, 0.046, 0.0595, negative
I, 0.425, 0.325, 0.105, 0.3975, 0.1815, 0.081, 0.1175, negative
F, 0.305, 0.225, 0.07, 0.1485, 0.0585, 0.0335, 0.045, negative
I, 0.34, 0.25, 0.075, 0.1765, 0.0785, 0.0405, 0.05, negative
M, 0.52, 0.39, 0.12, 0.6435, 0.2885, 0.157, 0.161, negative
I, 0.485, 0.37, 0.115, 0.637, 0.38, 0.1335, 0.128, negative
I, 0.365, 0.275, 0.09, 0.2345, 0.108, 0.051, 0.0625, negative
F, 0.495, 0.37, 0.12, 0.594, 0.28, 0.11, 0.1375, negative
M, 0.545, 0.43, 0.155, 0.8035, 0.409, 0.144, 0.228, negative
M, 0.535, 0.405, 0.14, 0.7315, 0.336, 0.156, 0.19, negative
F, 0.38, 0.32, 0.115, 0.6475, 0.323, 0.1325, 0.164, negative
I, 0.32, 0.23, 0.06, 0.129, 0.0615, 0.0275, 0.0355, negative
I, 0.38, 0.3, 0.1, 0.286, 0.1305, 0.056, 0.09, negative
I, 0.41, 0.33, 0.105, 0.335, 0.1525, 0.074, 0.11, negative
M, 0.485, 0.385, 0.105, 0.556, 0.296, 0.104, 0.133, negative
F, 0.525, 0.41, 0.115, 0.7745, 0.416, 0.163, 0.18, negative
I, 0.33, 0.26, 0.085, 0.1965, 0.0915, 0.0425, 0.055, negative
I, 0.42, 0.305, 0.1, 0.3415, 0.1645, 0.0775, 0.086, negative
M, 0.295, 0.215, 0.075, 0.129, 0.05, 0.0295, 0.04, negative
I, 0.36, 0.3, 0.085, 0.27, 0.1185, 0.064, 0.0745, negative
I, 0.405, 0.3, 0.11, 0.32, 0.172, 0.044, 0.093, negative
F, 0.61, 0.485, 0.18, 1.2795, 0.5735, 0.2855, 0.355, negative
I, 0.41, 0.335, 0.105, 0.3305, 0.1405, 0.064, 0.105, negative
M, 0.385, 0.295, 0.095, 0.335, 0.147, 0.094, 0.09, negative
I, 0.37, 0.275, 0.09, 0.2065, 0.096, 0.0395, 0.058, negative
F, 0.425, 0.35, 0.1, 0.4425, 0.175, 0.0755, 0.175, negative
M, 0.42, 0.335, 0.115, 0.369, 0.171, 0.071, 0.12, negative
F, 0.415, 0.305, 0.13, 0.32, 0.1305, 0.0755, 0.105, negative
F, 0.61, 0.495, 0.185, 1.153, 0.536, 0.2905, 0.245, negative
M, 0.47, 0.38, 0.145, 0.5865, 0.2385, 0.144, 0.185, negative
I, 0.29, 0.225, 0.07, 0.101, 0.036, 0.0235, 0.035, negative
M, 0.49, 0.385, 0.125, 0.609, 0.3065, 0.096, 0.1775, negative
M, 0.525, 0.395, 0.13, 0.7635, 0.3375, 0.1425, 0.225, negative
F, 0.595, 0.48, 0.16, 1.2095, 0.5225, 0.296, 0.32, negative
I, 0.435, 0.325, 0.12, 0.3995, 0.1815, 0.061, 0.1125, negative
F, 0.47, 0.365, 0.12, 0.582, 0.29, 0.092, 0.146, negative
M, 0.51, 0.41, 0.145, 0.796, 0.3865, 0.1815, 0.1955, negative
F, 0.535, 0.4, 0.135, 0.8215, 0.3935, 0.196, 0.205, negative
F, 0.565, 0.4, 0.13, 0.6975, 0.3075, 0.1665, 0.18, negative
F, 0.58, 0.45, 0.145, 1.137, 0.5585, 0.22, 0.29, negative
M, 0.59, 0.47, 0.16, 1.206, 0.479, 0.2425, 0.309, negative
M, 0.63, 0.48, 0.15, 1.1785, 0.5185, 0.248, 0.3235, negative
F, 0.645, 0.505, 0.165, 1.4325, 0.684, 0.308, 0.336, negative
I, 0.45, 0.365, 0.125, 0.462, 0.2135, 0.0985, 0.1315, negative
I, 0.5, 0.38, 0.125, 0.519, 0.2485, 0.1135, 0.134, negative
I, 0.515, 0.385, 0.125, 0.6115, 0.3175, 0.1265, 0.15, negative
I, 0.525, 0.395, 0.12, 0.608, 0.297, 0.1395, 0.1405, negative
F, 0.55, 0.415, 0.135, 0.8145, 0.427, 0.1855, 0.175, negative
M, 0.58, 0.45, 0.145, 1.0025, 0.547, 0.1975, 0.2295, negative
M, 0.59, 0.47, 0.15, 0.9955, 0.481, 0.232, 0.24, negative
F, 0.62, 0.48, 0.16, 1.1125, 0.5635, 0.2445, 0.281, negative
I, 0.35, 0.255, 0.09, 0.1785, 0.0855, 0.0305, 0.0525, negative
I, 0.375, 0.28, 0.08, 0.2025, 0.0825, 0.048, 0.065, negative
I, 0.385, 0.28, 0.085, 0.2175, 0.097, 0.038, 0.067, negative
I, 0.43, 0.34, 0.0, 0.428, 0.2065, 0.086, 0.115, negative
F, 0.455, 0.365, 0.115, 0.4305, 0.184, 0.108, 0.1245, negative
I, 0.455, 0.33, 0.1, 0.372, 0.358, 0.0775, 0.11, negative
I, 0.47, 0.365, 0.1, 0.411, 0.175, 0.0855, 0.135, negative
I, 0.475, 0.38, 0.12, 0.441, 0.1785, 0.0885, 0.1505, negative
I, 0.48, 0.365, 0.1, 0.461, 0.2205, 0.0835, 0.135, negative
I, 0.505, 0.405, 0.13, 0.6015, 0.3015, 0.11, 0.18, negative
I, 0.505, 0.395, 0.105, 0.551, 0.248, 0.103, 0.171, negative
I, 0.545, 0.405, 0.135, 0.5945, 0.27, 0.1185, 0.185, negative
F, 0.565, 0.45, 0.145, 0.8495, 0.4215, 0.1685, 0.225, negative
M, 0.525, 0.4, 0.14, 0.7205, 0.3685, 0.145, 0.1735, negative
M, 0.575, 0.46, 0.165, 0.9155, 0.4005, 0.2465, 0.2385, negative
I, 0.36, 0.27, 0.095, 0.2, 0.073, 0.056, 0.061, negative
I, 0.425, 0.325, 0.11, 0.317, 0.135, 0.048, 0.09, negative
I, 0.48, 0.37, 0.12, 0.536, 0.251, 0.114, 0.15, negative
I, 0.495, 0.37, 0.125, 0.4715, 0.2075, 0.091, 0.15, negative
I, 0.545, 0.375, 0.12, 0.543, 0.2375, 0.1155, 0.1725, negative
I, 0.545, 0.42, 0.125, 0.717, 0.358, 0.112, 0.22, negative
F, 0.57, 0.45, 0.135, 0.7805, 0.3345, 0.185, 0.21, negative
F, 0.595, 0.435, 0.15, 0.9, 0.4175, 0.17, 0.265, negative
F, 0.6, 0.46, 0.155, 0.9735, 0.427, 0.2045, 0.3, negative
F, 0.49, 0.355, 0.16, 0.8795, 0.3485, 0.215, 0.2825, negative
M, 0.515, 0.395, 0.135, 1.007, 0.472, 0.2495, 0.252, negative
I, 0.585, 0.45, 0.15, 0.8915, 0.3975, 0.2035, 0.253, negative
M, 0.555, 0.41, 0.125, 0.599, 0.2345, 0.1465, 0.194, negative
M, 0.45, 0.33, 0.105, 0.4955, 0.2575, 0.082, 0.129, negative
I, 0.32, 0.255, 0.085, 0.1745, 0.072, 0.033, 0.057, negative
I, 0.325, 0.24, 0.07, 0.152, 0.0565, 0.0305, 0.054, negative
I, 0.405, 0.31, 0.09, 0.312, 0.138, 0.06, 0.087, negative
M, 0.61, 0.48, 0.165, 1.2435, 0.5575, 0.2675, 0.372, negative
F, 0.44, 0.33, 0.115, 0.4005, 0.143, 0.113, 0.12, negative
I, 0.315, 0.24, 0.07, 0.137, 0.0545, 0.0315, 0.04, negative
I, 0.42, 0.325, 0.115, 0.354, 0.1625, 0.064, 0.105, negative
F, 0.64, 0.5, 0.15, 1.0705, 0.371, 0.2705, 0.36, negative
F, 0.47, 0.355, 0.18, 0.441, 0.1525, 0.1165, 0.135, negative
I, 0.47, 0.37, 0.11, 0.5555, 0.25, 0.115, 0.163, negative
M, 0.5, 0.4, 0.13, 0.7715, 0.37, 0.16, 0.211, negative
I, 0.45, 0.35, 0.12, 0.468, 0.2005, 0.1065, 0.1325, negative
F, 0.55, 0.425, 0.125, 0.964, 0.5475, 0.159, 0.215, negative
F, 0.57, 0.435, 0.14, 0.8585, 0.3905, 0.196, 0.2295, negative
F, 0.6, 0.46, 0.145, 0.9325, 0.3985, 0.2245, 0.248, negative
I, 0.51, 0.385, 0.15, 0.625, 0.3095, 0.119, 0.1725, negative
I, 0.42, 0.315, 0.11, 0.4025, 0.1855, 0.083, 0.1015, negative
F, 0.57, 0.425, 0.13, 0.782, 0.3695, 0.1745, 0.1965, negative
F, 0.58, 0.445, 0.135, 0.95, 0.484, 0.182, 0.2325, negative
I, 0.4, 0.315, 0.09, 0.3245, 0.151, 0.073, 0.088, negative
F, 0.505, 0.38, 0.13, 0.693, 0.391, 0.1195, 0.1515, negative
I, 0.41, 0.325, 0.105, 0.361, 0.1605, 0.0665, 0.103, negative
M, 0.38, 0.3, 0.1, 0.2505, 0.106, 0.0535, 0.0775, negative
F, 0.51, 0.385, 0.135, 0.632, 0.282, 0.145, 0.17, negative
I, 0.345, 0.285, 0.1, 0.2225, 0.0865, 0.058, 0.075, negative
M, 0.59, 0.47, 0.135, 1.1685, 0.539, 0.279, 0.28, negative
I, 0.395, 0.3, 0.09, 0.279, 0.134, 0.049, 0.075, negative
M, 0.48, 0.37, 0.13, 0.643, 0.349, 0.1155, 0.135, negative
F, 0.505, 0.39, 0.12, 0.5725, 0.2555, 0.1325, 0.146, negative
M, 0.55, 0.44, 0.155, 0.9155, 0.3645, 0.195, 0.25, negative
M, 0.615, 0.505, 0.19, 1.403, 0.6715, 0.2925, 0.365, negative
I, 0.45, 0.34, 0.105, 0.4385, 0.21, 0.0925, 0.12, negative
I, 0.575, 0.455, 0.155, 0.8725, 0.349, 0.2095, 0.285, negative
I, 0.44, 0.34, 0.105, 0.344, 0.123, 0.081, 0.125, negative
M, 0.59, 0.465, 0.135, 0.9895, 0.4235, 0.199, 0.28, negative
I, 0.475, 0.355, 0.135, 0.4775, 0.2145, 0.09, 0.1435, negative
I, 0.53, 0.395, 0.115, 0.475, 0.2025, 0.101, 0.148, negative
F, 0.44, 0.34, 0.135, 0.3975, 0.1505, 0.0945, 0.135, negative
M, 0.565, 0.455, 0.15, 0.9795, 0.444, 0.205, 0.275, negative
M, 0.515, 0.39, 0.12, 0.6125, 0.302, 0.1365, 0.1415, negative
I, 0.545, 0.405, 0.13, 0.658, 0.327, 0.1445, 0.174, negative
I, 0.455, 0.335, 0.105, 0.4055, 0.175, 0.092, 0.1185, negative
M, 0.545, 0.45, 0.15, 0.7805, 0.3795, 0.1625, 0.216, negative
I, 0.545, 0.43, 0.14, 0.772, 0.289, 0.19, 0.2615, negative
I, 0.555, 0.43, 0.125, 0.7005, 0.3395, 0.1355, 0.2095, negative
I, 0.515, 0.4, 0.14, 0.7165, 0.3495, 0.1595, 0.1785, negative
M, 0.555, 0.435, 0.145, 0.9205, 0.404, 0.2275, 0.255, negative
M, 0.505, 0.44, 0.14, 0.8275, 0.3415, 0.1855, 0.239, negative
M, 0.51, 0.405, 0.15, 0.7035, 0.347, 0.134, 0.1885, negative
I, 0.525, 0.4, 0.13, 0.6455, 0.325, 0.1245, 0.17, negative
I, 0.465, 0.345, 0.11, 0.393, 0.1825, 0.0735, 0.12, negative
I, 0.535, 0.385, 0.18, 1.0835, 0.4955, 0.2295, 0.304, negative
I, 0.445, 0.33, 0.11, 0.358, 0.1525, 0.067, 0.1185, negative
M, 0.555, 0.435, 0.14, 0.7495, 0.341, 0.1645, 0.214, negative
M, 0.42, 0.34, 0.115, 0.4215, 0.175, 0.093, 0.135, negative
I, 0.42, 0.32, 0.1, 0.34, 0.1745, 0.05, 0.0945, negative
M, 0.575, 0.45, 0.165, 0.9655, 0.498, 0.19, 0.23, negative
F, 0.53, 0.42, 0.14, 0.627, 0.2905, 0.1165, 0.183, negative
M, 0.505, 0.39, 0.115, 0.5585, 0.2575, 0.119, 0.1535, negative
M, 0.475, 0.37, 0.125, 0.5095, 0.2165, 0.1125, 0.165, negative
F, 0.46, 0.355, 0.13, 0.517, 0.2205, 0.114, 0.165, negative
M, 0.425, 0.35, 0.105, 0.393, 0.13, 0.063, 0.165, negative
F, 0.56, 0.43, 0.15, 0.8825, 0.3465, 0.172, 0.31, negative
M, 0.5, 0.405, 0.14, 0.6155, 0.241, 0.1355, 0.205, negative
M, 0.47, 0.39, 0.15, 0.6355, 0.2185, 0.0885, 0.255, negative
M, 0.37, 0.28, 0.105, 0.234, 0.0905, 0.0585, 0.075, negative
F, 0.525, 0.42, 0.16, 0.756, 0.2745, 0.173, 0.275, negative
I, 0.365, 0.295, 0.095, 0.25, 0.1075, 0.0545, 0.08, negative
M, 0.385, 0.3, 0.095, 0.24, 0.0885, 0.059, 0.085, negative
F, 0.55, 0.43, 0.14, 0.7135, 0.2565, 0.186, 0.225, negative
M, 0.325, 0.24, 0.075, 0.155, 0.0475, 0.0355, 0.06, negative
F, 0.445, 0.33, 0.105, 0.4525, 0.18, 0.103, 0.123, negative
M, 0.4, 0.3, 0.125, 0.417, 0.191, 0.09, 0.1175, negative
M, 0.35, 0.255, 0.08, 0.1915, 0.08, 0.0385, 0.063, negative
M, 0.44, 0.335, 0.11, 0.394, 0.157, 0.096, 0.122, negative
I, 0.44, 0.365, 0.115, 0.501, 0.2435, 0.084, 0.1465, negative
F, 0.56, 0.455, 0.16, 0.967, 0.4525, 0.207, 0.274, negative
M, 0.575, 0.475, 0.16, 1.114, 0.4955, 0.2745, 0.29, negative
F, 0.625, 0.485, 0.2, 1.38, 0.5845, 0.302, 0.401, negative
I, 0.5, 0.375, 0.12, 0.542, 0.215, 0.116, 0.17, negative
M, 0.575, 0.445, 0.145, 0.847, 0.415, 0.1945, 0.22, negative
M, 0.58, 0.45, 0.14, 0.9615, 0.486, 0.1815, 0.253, negative
F, 0.605, 0.475, 0.165, 1.056, 0.433, 0.2195, 0.357, negative
F, 0.65, 0.5, 0.19, 1.464, 0.6415, 0.339, 0.4245, negative
I, 0.665, 0.5, 0.17, 1.2975, 0.6035, 0.291, 0.3595, negative
F, 0.67, 0.505, 0.205, 1.3645, 0.6075, 0.3025, 0.353, negative
I, 0.45, 0.33, 0.105, 0.448, 0.208, 0.089, 0.12, negative
I, 0.525, 0.4, 0.125, 0.6965, 0.369, 0.1385, 0.164, negative
I, 0.53, 0.415, 0.11, 0.5745, 0.2525, 0.1235, 0.189, negative
I, 0.555, 0.425, 0.145, 0.7905, 0.3485, 0.1765, 0.225, negative
M, 0.585, 0.465, 0.155, 0.9145, 0.4555, 0.1965, 0.235, negative
I, 0.61, 0.465, 0.15, 0.9605, 0.4495, 0.1725, 0.286, negative
M, 0.685, 0.545, 0.205, 1.7925, 0.8145, 0.416, 0.461, negative
I, 0.44, 0.365, 0.11, 0.4465, 0.213, 0.089, 0.1135, negative
I, 0.53, 0.43, 0.13, 0.7045, 0.346, 0.1415, 0.189, negative
M, 0.55, 0.425, 0.16, 0.793, 0.343, 0.2035, 0.215, negative
F, 0.56, 0.435, 0.15, 0.8715, 0.4755, 0.1835, 0.1835, negative
F, 0.58, 0.435, 0.14, 0.953, 0.475, 0.2165, 0.2095, negative
F, 0.605, 0.515, 0.17, 1.289, 0.6, 0.2945, 0.3315, negative
M, 0.525, 0.4, 0.155, 0.707, 0.282, 0.1605, 0.225, negative
I, 0.53, 0.4, 0.145, 0.555, 0.1935, 0.1305, 0.195, negative
I, 0.54, 0.42, 0.14, 0.6275, 0.2505, 0.1175, 0.235, negative
M, 0.565, 0.44, 0.125, 0.802, 0.3595, 0.1825, 0.215, negative
F, 0.655, 0.51, 0.15, 1.043, 0.4795, 0.223, 0.305, negative
M, 0.665, 0.5, 0.175, 1.2975, 0.6075, 0.314, 0.315, negative
M, 0.57, 0.455, 0.175, 1.02, 0.4805, 0.2145, 0.29, negative
M, 0.645, 0.5, 0.16, 1.3815, 0.672, 0.326, 0.315, negative
I, 0.475, 0.34, 0.105, 0.4535, 0.203, 0.08, 0.1465, negative
I, 0.555, 0.45, 0.175, 0.738, 0.304, 0.1755, 0.22, negative
M, 0.57, 0.44, 0.175, 0.9415, 0.3805, 0.2285, 0.283, negative
M, 0.575, 0.45, 0.13, 0.785, 0.318, 0.193, 0.2265, negative
M, 0.575, 0.45, 0.155, 0.9765, 0.495, 0.2145, 0.235, negative
M, 0.655, 0.52, 0.17, 1.1445, 0.53, 0.223, 0.348, negative
M, 0.55, 0.41, 0.13, 0.8705, 0.4455, 0.2115, 0.213, negative
I, 0.41, 0.31, 0.11, 0.315, 0.124, 0.082, 0.095, negative
M, 0.375, 0.29, 0.1, 0.276, 0.1175, 0.0565, 0.085, negative
I, 0.475, 0.36, 0.11, 0.4555, 0.177, 0.0965, 0.145, negative
M, 0.585, 0.455, 0.14, 0.97, 0.462, 0.185, 0.295, negative
F, 0.47, 0.365, 0.12, 0.543, 0.2295, 0.1495, 0.15, negative
M, 0.51, 0.405, 0.13, 0.7175, 0.3725, 0.158, 0.17, negative
I, 0.405, 0.315, 0.105, 0.347, 0.1605, 0.0785, 0.1, negative
I, 0.42, 0.33, 0.1, 0.352, 0.1635, 0.089, 0.1, negative
F, 0.515, 0.42, 0.135, 0.6295, 0.2815, 0.127, 0.215, negative
M, 0.34, 0.255, 0.095, 0.213, 0.081, 0.034, 0.07, negative
M, 0.475, 0.355, 0.125, 0.4625, 0.186, 0.107, 0.145, negative
M, 0.59, 0.455, 0.16, 1.09, 0.5, 0.2215, 0.292, negative
M, 0.54, 0.435, 0.14, 0.7345, 0.33, 0.1595, 0.213, negative
M, 0.5, 0.38, 0.12, 0.5765, 0.273, 0.135, 0.145, negative
F, 0.545, 0.43, 0.14, 0.832, 0.4355, 0.17, 0.201, negative
M, 0.595, 0.46, 0.14, 0.852, 0.4215, 0.2255, 0.227, negative
I, 0.525, 0.375, 0.12, 0.6315, 0.3045, 0.114, 0.19, negative
M, 0.6, 0.45, 0.145, 0.877, 0.4325, 0.155, 0.24, negative
F, 0.66, 0.505, 0.19, 1.4045, 0.6255, 0.3375, 0.3745, negative
M, 0.5, 0.365, 0.13, 0.5945, 0.309, 0.1085, 0.1535, negative
F, 0.54, 0.42, 0.14, 0.8035, 0.38, 0.1805, 0.21, negative
M, 0.58, 0.445, 0.16, 0.984, 0.49, 0.201, 0.27, negative
M, 0.6, 0.475, 0.175, 1.11, 0.5105, 0.256, 0.285, negative
I, 0.5, 0.39, 0.13, 0.5075, 0.2115, 0.104, 0.1755, negative
F, 0.58, 0.45, 0.17, 0.9705, 0.4615, 0.232, 0.248, negative
M, 0.59, 0.5, 0.15, 1.142, 0.485, 0.265, 0.345, negative
I, 0.59, 0.46, 0.125, 0.755, 0.334, 0.15, 0.238, negative
F, 0.615, 0.515, 0.135, 1.1215, 0.545, 0.2305, 0.29, negative
F, 0.62, 0.475, 0.15, 0.9545, 0.455, 0.1865, 0.277, negative
M, 0.61, 0.475, 0.175, 1.024, 0.409, 0.261, 0.322, negative
F, 0.625, 0.49, 0.11, 1.136, 0.5265, 0.1915, 0.2925, negative
I, 0.475, 0.375, 0.11, 0.456, 0.182, 0.099, 0.16, negative
M, 0.635, 0.5, 0.18, 1.154, 0.4405, 0.2315, 0.387, negative
F, 0.655, 0.49, 0.16, 1.204, 0.5455, 0.2615, 0.3225, negative
M, 0.53, 0.415, 0.12, 0.706, 0.3355, 0.1635, 0.1345, negative
M, 0.575, 0.48, 0.15, 0.9465, 0.4355, 0.2605, 0.2505, negative
M, 0.425, 0.335, 0.1, 0.4085, 0.1755, 0.092, 0.135, negative
F, 0.43, 0.35, 0.09, 0.397, 0.1575, 0.089, 0.12, negative
F, 0.55, 0.44, 0.125, 0.765, 0.33, 0.2125, 0.245, negative
I, 0.42, 0.325, 0.125, 0.3915, 0.1575, 0.1025, 0.115, negative
M, 0.53, 0.405, 0.13, 0.738, 0.2845, 0.17, 0.193, negative
M, 0.41, 0.3, 0.1, 0.301, 0.124, 0.069, 0.09, negative
F, 0.49, 0.4, 0.115, 0.569, 0.256, 0.1325, 0.145, negative
M, 0.6, 0.475, 0.155, 1.1385, 0.502, 0.2295, 0.31, negative
M, 0.625, 0.47, 0.175, 1.179, 0.605, 0.258, 0.271, negative
F, 0.66, 0.5, 0.175, 1.3275, 0.556, 0.2805, 0.4085, negative
I, 0.535, 0.41, 0.13, 0.6075, 0.268, 0.1225, 0.1975, negative
M, 0.58, 0.47, 0.165, 1.041, 0.54, 0.166, 0.279, negative
F, 0.555, 0.405, 0.12, 0.913, 0.4585, 0.196, 0.2065, negative
M, 0.615, 0.475, 0.19, 1.4335, 0.7315, 0.305, 0.3285, negative
I, 0.465, 0.37, 0.115, 0.4075, 0.1515, 0.0935, 0.1455, negative
I, 0.475, 0.35, 0.125, 0.4225, 0.1905, 0.079, 0.1355, negative
I, 0.49, 0.39, 0.12, 0.511, 0.2205, 0.103, 0.1745, negative
F, 0.61, 0.495, 0.165, 1.0835, 0.4525, 0.273, 0.317, negative
F, 0.675, 0.53, 0.195, 1.4985, 0.62, 0.375, 0.425, negative
I, 0.465, 0.36, 0.105, 0.452, 0.22, 0.159, 0.1035, negative
F, 0.635, 0.505, 0.17, 1.2635, 0.512, 0.322, 0.355, negative
M, 0.53, 0.425, 0.155, 0.7905, 0.307, 0.171, 0.2595, negative
M, 0.585, 0.47, 0.145, 0.9565, 0.4025, 0.2365, 0.265, negative
I, 0.59, 0.45, 0.125, 0.86, 0.437, 0.1515, 0.245, negative
I, 0.455, 0.365, 0.135, 0.441, 0.1515, 0.1165, 0.145, negative
I, 0.49, 0.385, 0.12, 0.591, 0.271, 0.1125, 0.1775, negative
I, 0.515, 0.395, 0.125, 0.5805, 0.2365, 0.1075, 0.19, negative
M, 0.6, 0.47, 0.13, 1.0105, 0.423, 0.219, 0.298, negative
F, 0.65, 0.495, 0.16, 1.3105, 0.577, 0.3315, 0.355, negative
F, 0.595, 0.455, 0.14, 0.914, 0.3895, 0.2225, 0.271, negative
F, 0.47, 0.365, 0.105, 0.4205, 0.163, 0.1035, 0.14, negative
M, 0.505, 0.41, 0.125, 0.642, 0.289, 0.133, 0.155, negative
M, 0.575, 0.445, 0.17, 1.0225, 0.549, 0.2175, 0.228, negative
I, 0.48, 0.37, 0.125, 0.5435, 0.244, 0.101, 0.165, negative
F, 0.59, 0.465, 0.15, 1.151, 0.613, 0.239, 0.2515, negative
I, 0.5, 0.375, 0.14, 0.559, 0.2375, 0.135, 0.169, negative
M, 0.625, 0.5, 0.17, 1.0985, 0.4645, 0.22, 0.354, negative
I, 0.56, 0.445, 0.165, 0.832, 0.3455, 0.179, 0.279, negative
M, 0.445, 0.34, 0.12, 0.4475, 0.193, 0.1035, 0.13, negative
F, 0.45, 0.36, 0.105, 0.4715, 0.2035, 0.0935, 0.149, negative
I, 0.505, 0.425, 0.125, 0.6115, 0.245, 0.1375, 0.2, negative
M, 0.505, 0.385, 0.11, 0.655, 0.3185, 0.15, 0.185, negative
M, 0.585, 0.465, 0.15, 0.98, 0.4315, 0.2545, 0.247, negative
F, 0.44, 0.34, 0.1, 0.451, 0.188, 0.087, 0.13, negative
F, 0.475, 0.39, 0.12, 0.5305, 0.2135, 0.1155, 0.17, negative
F, 0.475, 0.375, 0.125, 0.5785, 0.2775, 0.085, 0.155, negative
M, 0.44, 0.34, 0.105, 0.402, 0.1305, 0.0955, 0.165, negative
F, 0.63, 0.5, 0.185, 1.383, 0.54, 0.3315, 0.38, negative
F, 0.535, 0.415, 0.17, 0.879, 0.295, 0.1965, 0.285, negative
M, 0.57, 0.435, 0.145, 0.9055, 0.3925, 0.2355, 0.275, negative
F, 0.47, 0.375, 0.125, 0.5615, 0.252, 0.137, 0.18, negative
I, 0.61, 0.475, 0.15, 0.9665, 0.4145, 0.2, 0.345, negative
I, 0.56, 0.425, 0.14, 0.9175, 0.4005, 0.1975, 0.26, negative
M, 0.37, 0.285, 0.1, 0.228, 0.0675, 0.0675, 0.081, negative
F, 0.37, 0.28, 0.11, 0.2305, 0.0945, 0.0465, 0.075, negative
F, 0.395, 0.295, 0.095, 0.2245, 0.078, 0.054, 0.08, negative
M, 0.45, 0.335, 0.125, 0.349, 0.119, 0.1055, 0.115, negative
M, 0.55, 0.45, 0.15, 1.0145, 0.407, 0.2015, 0.2875, negative
F, 0.635, 0.5, 0.15, 1.376, 0.6495, 0.361, 0.31, negative
F, 0.625, 0.48, 0.17, 1.3525, 0.6235, 0.278, 0.365, negative
M, 0.625, 0.49, 0.175, 1.3325, 0.5705, 0.271, 0.405, negative
F, 0.645, 0.5, 0.16, 1.2465, 0.5475, 0.327, 0.3, negative
M, 0.66, 0.495, 0.195, 1.6275, 0.594, 0.3595, 0.485, negative
F, 0.675, 0.57, 0.225, 1.587, 0.739, 0.2995, 0.435, negative
M, 0.605, 0.48, 0.17, 1.1835, 0.582, 0.2365, 0.317, negative
F, 0.655, 0.51, 0.175, 1.415, 0.5885, 0.3725, 0.364, negative
M, 0.58, 0.46, 0.155, 1.4395, 0.6715, 0.273, 0.2955, negative
M, 0.59, 0.455, 0.155, 0.8855, 0.388, 0.188, 0.275, negative
M, 0.61, 0.475, 0.17, 1.0265, 0.435, 0.2335, 0.3035, negative
F, 0.615, 0.475, 0.155, 1.004, 0.4475, 0.193, 0.2895, negative
M, 0.62, 0.51, 0.175, 1.2815, 0.5715, 0.2385, 0.39, negative
M, 0.655, 0.49, 0.175, 1.3585, 0.6395, 0.294, 0.365, negative
F, 0.66, 0.495, 0.21, 1.548, 0.724, 0.3525, 0.3925, negative
F, 0.665, 0.53, 0.18, 1.491, 0.6345, 0.342, 0.435, negative
M, 0.625, 0.52, 0.175, 1.4105, 0.691, 0.322, 0.3465, negative
F, 0.645, 0.515, 0.175, 1.546, 0.7035, 0.365, 0.415, negative
F, 0.665, 0.515, 0.18, 1.389, 0.5945, 0.324, 0.395, negative
I, 0.56, 0.445, 0.15, 0.8225, 0.3685, 0.187, 0.236, negative
M, 0.595, 0.45, 0.145, 0.959, 0.463, 0.2065, 0.2535, negative
F, 0.61, 0.465, 0.16, 1.0725, 0.4835, 0.2515, 0.28, negative
M, 0.615, 0.47, 0.16, 1.0175, 0.473, 0.2395, 0.28, negative
F, 0.635, 0.49, 0.175, 1.2435, 0.5805, 0.313, 0.305, negative
F, 0.64, 0.505, 0.165, 1.2235, 0.5215, 0.2695, 0.36, negative
M, 0.645, 0.505, 0.15, 1.1605, 0.519, 0.2615, 0.335, negative
F, 0.67, 0.55, 0.155, 1.566, 0.858, 0.339, 0.354, negative
F, 0.55, 0.38, 0.165, 1.205, 0.543, 0.294, 0.3345, negative
M, 0.55, 0.42, 0.16, 1.3405, 0.6325, 0.311, 0.344, negative
M, 0.585, 0.455, 0.145, 0.953, 0.3945, 0.2685, 0.258, negative
I, 0.515, 0.415, 0.135, 0.7125, 0.285, 0.152, 0.245, negative
I, 0.55, 0.435, 0.14, 0.7995, 0.295, 0.1905, 0.238, negative
M, 0.58, 0.44, 0.15, 1.0465, 0.518, 0.2185, 0.2795, negative
M, 0.595, 0.455, 0.15, 0.886, 0.4315, 0.201, 0.223, negative
M, 0.6, 0.475, 0.15, 0.99, 0.386, 0.2195, 0.3105, negative
F, 0.61, 0.46, 0.145, 1.1185, 0.478, 0.2945, 0.2985, negative
F, 0.705, 0.535, 0.22, 1.866, 0.929, 0.3835, 0.4395, negative
M, 0.505, 0.385, 0.115, 0.4825, 0.21, 0.1035, 0.1535, negative
M, 0.61, 0.49, 0.16, 1.112, 0.465, 0.228, 0.341, negative
M, 0.585, 0.48, 0.185, 1.04, 0.434, 0.265, 0.285, negative
F, 0.59, 0.455, 0.175, 0.966, 0.391, 0.2455, 0.31, negative
M, 0.37, 0.29, 0.09, 0.241, 0.11, 0.045, 0.069, negative
F, 0.505, 0.375, 0.115, 0.5895, 0.2635, 0.12, 0.167, negative
M, 0.54, 0.415, 0.17, 0.879, 0.339, 0.208, 0.255, negative
M, 0.35, 0.26, 0.09, 0.198, 0.0725, 0.056, 0.06, negative
M, 0.605, 0.475, 0.175, 1.201, 0.5395, 0.275, 0.309, negative
F, 0.705, 0.56, 0.205, 2.381, 0.9915, 0.5005, 0.624, negative
M, 0.77, 0.6, 0.215, 2.1945, 1.0515, 0.482, 0.584, negative
F, 0.65, 0.535, 0.175, 1.2895, 0.6095, 0.2765, 0.344, negative
M, 0.66, 0.515, 0.165, 1.4465, 0.694, 0.298, 0.3755, negative
M, 0.535, 0.43, 0.155, 0.7845, 0.3285, 0.169, 0.245, negative
F, 0.57, 0.445, 0.155, 1.017, 0.5265, 0.2025, 0.265, negative
M, 0.585, 0.465, 0.165, 0.885, 0.4025, 0.1625, 0.274, negative
F, 0.615, 0.46, 0.15, 1.0265, 0.4935, 0.201, 0.2745, negative
F, 0.62, 0.48, 0.165, 1.0125, 0.5325, 0.4365, 0.324, negative
M, 0.63, 0.525, 0.195, 1.3135, 0.4935, 0.2565, 0.465, negative
M, 0.64, 0.485, 0.15, 1.098, 0.5195, 0.222, 0.3175, negative
M, 0.64, 0.495, 0.17, 1.139, 0.5395, 0.282, 0.285, negative
M, 0.64, 0.515, 0.08, 1.042, 0.515, 0.1755, 0.175, negative
F, 0.72, 0.55, 0.18, 1.52, 0.637, 0.325, 0.435, negative
I, 0.545, 0.43, 0.15, 0.742, 0.3525, 0.158, 0.208, negative
M, 0.595, 0.46, 0.17, 1.1295, 0.57, 0.2555, 0.265, negative
M, 0.62, 0.475, 0.195, 1.3585, 0.5935, 0.3365, 0.3745, negative
F, 0.63, 0.485, 0.185, 1.167, 0.548, 0.2485, 0.34, negative
M, 0.635, 0.485, 0.18, 1.1795, 0.4785, 0.2775, 0.355, negative
F, 0.66, 0.525, 0.18, 1.5965, 0.7765, 0.397, 0.3605, negative
M, 0.555, 0.405, 0.19, 1.406, 0.6115, 0.342, 0.389, negative
M, 0.645, 0.505, 0.165, 1.307, 0.4335, 0.262, 0.52, negative
M, 0.425, 0.34, 0.12, 0.388, 0.149, 0.087, 0.125, negative
F, 0.545, 0.435, 0.15, 0.6855, 0.2905, 0.145, 0.225, negative
F, 0.385, 0.305, 0.125, 0.314, 0.146, 0.0555, 0.08, negative
F, 0.475, 0.375, 0.125, 0.588, 0.237, 0.1715, 0.155, negative
M, 0.56, 0.44, 0.16, 1.1115, 0.5035, 0.2785, 0.26, negative
M, 0.53, 0.43, 0.135, 0.879, 0.28, 0.2165, 0.25, negative
M, 0.635, 0.495, 0.155, 1.3635, 0.583, 0.2985, 0.295, negative
M, 0.67, 0.525, 0.18, 1.6615, 0.8005, 0.3645, 0.43, negative
I, 0.525, 0.405, 0.125, 0.657, 0.2985, 0.1505, 0.168, negative
I, 0.535, 0.45, 0.155, 0.8075, 0.3655, 0.148, 0.2595, negative
M, 0.6, 0.47, 0.16, 1.012, 0.441, 0.2015, 0.305, negative
F, 0.65, 0.52, 0.195, 1.281, 0.5985, 0.246, 0.3825, negative
M, 0.66, 0.51, 0.18, 1.261, 0.5, 0.2335, 0.339, negative
M, 0.685, 0.55, 0.19, 1.885, 0.89, 0.41, 0.4895, negative
M, 0.615, 0.505, 0.165, 1.167, 0.4895, 0.2955, 0.345, negative
F, 0.555, 0.44, 0.14, 0.846, 0.346, 0.1715, 0.2735, negative
I, 0.575, 0.45, 0.145, 0.795, 0.364, 0.1505, 0.26, negative
F, 0.645, 0.51, 0.155, 1.129, 0.5015, 0.24, 0.342, negative
F, 0.695, 0.535, 0.175, 1.361, 0.5465, 0.2815, 0.465, negative
M, 0.515, 0.385, 0.13, 0.623, 0.2855, 0.1285, 0.175, negative
M, 0.595, 0.46, 0.155, 1.03, 0.4275, 0.207, 0.3305, negative
F, 0.565, 0.455, 0.13, 1.058, 0.439, 0.2645, 0.3, negative
F, 0.35, 0.275, 0.065, 0.205, 0.0745, 0.0465, 0.07, negative
M, 0.6, 0.465, 0.155, 1.262, 0.6245, 0.2455, 0.33, negative
F, 0.69, 0.58, 0.195, 1.658, 0.708, 0.3615, 0.4715, negative
F, 0.635, 0.5, 0.18, 1.2565, 0.539, 0.292, 0.35, negative
M, 0.62, 0.465, 0.145, 0.911, 0.375, 0.2145, 0.278, negative
I, 0.595, 0.475, 0.155, 0.984, 0.4865, 0.184, 0.2755, negative
I, 0.55, 0.445, 0.11, 0.7935, 0.378, 0.142, 0.26, negative
I, 0.57, 0.425, 0.14, 0.7655, 0.331, 0.14, 0.24, negative
M, 0.58, 0.45, 0.14, 0.824, 0.3465, 0.1765, 0.263, negative
I, 0.585, 0.47, 0.17, 0.985, 0.3695, 0.2395, 0.315, negative
F, 0.645, 0.535, 0.19, 1.2395, 0.468, 0.2385, 0.424, negative
M, 0.695, 0.53, 0.21, 1.51, 0.664, 0.4095, 0.385, negative
M, 0.52, 0.385, 0.165, 0.791, 0.375, 0.18, 0.1815, negative
M, 0.645, 0.53, 0.195, 1.39, 0.6465, 0.2945, 0.3735, negative
M, 0.575, 0.46, 0.155, 0.892, 0.4415, 0.176, 0.22, negative
M, 0.635, 0.51, 0.155, 0.986, 0.405, 0.2255, 0.31, negative
I, 0.515, 0.35, 0.105, 0.4745, 0.213, 0.123, 0.1275, negative
F, 0.65, 0.51, 0.185, 1.375, 0.531, 0.384, 0.3985, negative
M, 0.55, 0.44, 0.135, 0.879, 0.368, 0.2095, 0.265, negative
F, 0.52, 0.425, 0.15, 0.813, 0.385, 0.2015, 0.23, negative
I, 0.47, 0.375, 0.105, 0.468, 0.1665, 0.108, 0.17, negative
F, 0.625, 0.475, 0.16, 1.3335, 0.605, 0.2875, 0.319, negative
M, 0.655, 0.505, 0.165, 1.27, 0.6035, 0.262, 0.335, negative
I, 0.54, 0.415, 0.155, 0.702, 0.322, 0.167, 0.19, negative
M, 0.54, 0.435, 0.18, 0.996, 0.3835, 0.226, 0.325, positive
F, 0.68, 0.55, 0.21, 1.7445, 0.5975, 0.305, 0.625, positive
M, 0.53, 0.415, 0.175, 0.7395, 0.261, 0.1395, 0.2645, positive
M, 0.575, 0.4, 0.155, 0.9325, 0.3605, 0.2445, 0.3, positive
I, 0.535, 0.42, 0.145, 0.926, 0.398, 0.1965, 0.25, positive
F, 0.5, 0.38, 0.155, 0.655, 0.2405, 0.143, 0.205, positive
F, 0.53, 0.42, 0.13, 1.001, 0.34, 0.226, 0.265, positive
F, 0.665, 0.535, 0.19, 1.496, 0.5775, 0.2815, 0.475, positive
F, 0.72, 0.56, 0.175, 1.7265, 0.637, 0.3415, 0.525, positive
F, 0.53, 0.43, 0.17, 0.775, 0.35, 0.152, 0.235, positive
I, 0.59, 0.465, 0.195, 1.0885, 0.3685, 0.187, 0.375, positive
M, 0.585, 0.455, 0.125, 1.027, 0.391, 0.212, 0.25, positive
M, 0.595, 0.48, 0.165, 1.262, 0.4835, 0.283, 0.41, positive
M, 0.565, 0.425, 0.16, 0.9425, 0.3495, 0.2185, 0.275, positive
F, 0.495, 0.4, 0.155, 0.6445, 0.242, 0.1325, 0.205, positive
F, 0.69, 0.56, 0.215, 1.719, 0.68, 0.299, 0.47, positive
F, 0.665, 0.555, 0.195, 1.4385, 0.581, 0.354, 0.36, positive
M, 0.665, 0.54, 0.175, 1.347, 0.4955, 0.254, 0.415, positive
M, 0.625, 0.5, 0.195, 1.369, 0.5875, 0.2185, 0.37, positive
F, 0.625, 0.485, 0.19, 1.1745, 0.4385, 0.2305, 0.42, positive
I, 0.65, 0.515, 0.16, 1.1625, 0.495, 0.203, 0.33, positive
F, 0.63, 0.48, 0.175, 1.3675, 0.5015, 0.3035, 0.515, positive
F, 0.5, 0.385, 0.105, 0.498, 0.1795, 0.1095, 0.17, positive
F, 0.555, 0.435, 0.165, 0.97, 0.336, 0.2315, 0.295, positive
F, 0.49, 0.36, 0.11, 0.5005, 0.161, 0.107, 0.195, positive
F, 0.52, 0.405, 0.14, 0.8175, 0.2795, 0.183, 0.26, positive
F, 0.66, 0.52, 0.2, 1.676, 0.673, 0.4805, 0.45, positive
F, 0.54, 0.44, 0.135, 0.959, 0.2385, 0.221, 0.3, positive
F, 0.53, 0.425, 0.17, 0.949, 0.3485, 0.2395, 0.278, positive
M, 0.655, 0.58, 0.205, 2.0805, 0.959, 0.3415, 0.601, positive
M, 0.73, 0.595, 0.23, 2.8255, 1.1465, 0.419, 0.897, positive
M, 0.775, 0.57, 0.22, 2.032, 0.735, 0.4755, 0.6585, positive
M, 0.62, 0.495, 0.175, 1.806, 0.643, 0.3285, 0.725, positive
F, 0.715, 0.565, 0.24, 2.1995, 0.7245, 0.465, 0.885, positive
M, 0.565, 0.47, 0.195, 1.142, 0.387, 0.258, 0.35, positive
M, 0.63, 0.51, 0.23, 1.539, 0.5635, 0.2815, 0.57, positive
M, 0.58, 0.465, 0.175, 1.035, 0.401, 0.1865, 0.385, positive
M, 0.595, 0.475, 0.17, 1.0965, 0.419, 0.229, 0.35, positive
M, 0.585, 0.465, 0.19, 1.171, 0.3905, 0.2355, 0.4, positive
F, 0.58, 0.455, 0.16, 0.9215, 0.312, 0.196, 0.3, positive
M, 0.575, 0.435, 0.15, 0.805, 0.293, 0.1625, 0.27, positive
M, 0.655, 0.485, 0.195, 1.62, 0.6275, 0.358, 0.485, positive
M, 0.64, 0.52, 0.2, 1.407, 0.566, 0.304, 0.455, positive
F, 0.71, 0.565, 0.195, 1.7265, 0.638, 0.3365, 0.565, positive
I, 0.635, 0.505, 0.19, 1.3315, 0.5805, 0.252, 0.435, positive
M, 0.515, 0.405, 0.14, 0.8505, 0.312, 0.146, 0.315, positive
M, 0.565, 0.45, 0.115, 0.9085, 0.398, 0.197, 0.29, positive
M, 0.52, 0.425, 0.155, 0.7735, 0.297, 0.123, 0.255, positive
M, 0.645, 0.5, 0.19, 1.229, 0.524, 0.278, 0.395, positive
F, 0.505, 0.41, 0.15, 0.6345, 0.243, 0.1335, 0.215, positive
I, 0.61, 0.46, 0.17, 1.278, 0.41, 0.257, 0.37, positive
F, 0.615, 0.5, 0.165, 1.1765, 0.488, 0.244, 0.345, positive
I, 0.55, 0.44, 0.165, 0.8605, 0.312, 0.169, 0.3, positive
M, 0.745, 0.585, 0.215, 2.499, 0.9265, 0.472, 0.7, positive
F, 0.57, 0.44, 0.14, 0.9535, 0.3785, 0.201, 0.305, positive
F, 0.62, 0.485, 0.22, 1.511, 0.5095, 0.284, 0.51, positive
F, 0.635, 0.505, 0.185, 1.3035, 0.501, 0.295, 0.41, positive
I, 0.54, 0.435, 0.145, 0.97, 0.4285, 0.22, 0.264, positive
